{
    "regex": "2022.4.24",
    "fsspec": "2022.3.0",
    "pytz": "2022.1",
    "certifi": "2021.10.8",
    "setuptools": "61.2.0",
    "azureml-dataprep-native": "38.0.0",
    "cryptography": "36.0.2",
    "pyzmq": "22.3.0",
    "pyopenssl": "22.0.0",
    "contextlib2": "21.6.0",
    "attrs": "21.4.0",
    "packaging": "21.3",
    "pip": "20.2.4",
    "azure-mgmt-resource": "20.1.0",
    "gunicorn": "20.1.0",
    "azure-mgmt-storage": "19.1.0",
    "azure-storage-queue": "12.3.0",
    "humanfriendly": "10.0",
    "azure-mgmt-keyvault": "9.3.0",
    "pillow": "9.1.1",
    "azure-mgmt-containerregistry": "9.1.0",
    "ipython": "7.33.0",
    "jupyter-client": "7.3.1",
    "click": "7.1.2",
    "thinc": "7.0.8",
    "tornado": "6.1",
    "pyyaml": "6.0",
    "psutil": "5.8.0",
    "importlib-resources": "5.7.1",
    "ipykernel": "5.5.6",
    "traitlets": "5.2.1.post0",
    "decorator": "5.1.1",
    "cachetools": "5.1.0",
    "docker": "5.0.3",
    "smmap": "5.0.0",
    "py-cpuinfo": "5.0.0",
    "tqdm": "4.64.0",
    "fonttools": "4.33.3",
    "importlib-metadata": "4.11.3",
    "jupyter-core": "4.10.0",
    "pexpect": "4.8.0",
    "rsa": "4.8",
    "jsonschema": "4.5.1",
    "typing-extensions": "4.2.0",
    "ephem": "4.1.3",
    "gitdb": "4.0.9",
    "protobuf": "3.20.1",
    "gensim": "3.8.3",
    "zipp": "3.8.0",
    "configparser": "3.7.4",
    "h5py": "3.6.0",
    "matplotlib": "3.5.2",
    "secretstorage": "3.3.2",
    "idna": "3.3",
    "bcrypt": "3.2.2",
    "lightgbm": "3.2.1",
    "oauthlib": "3.2.0",
    "gitpython": "3.1.27",
    "mpi4py": "3.1.3",
    "azureml-dataprep": "3.1.3",
    "prompt-toolkit": "3.0.29",
    "pyparsing": "3.0.9",
    "pyarrow": "3.0.0",
    "boto": "2.49.0",
    "distributed": "2.30.1",
    "dask": "2.30.0",
    "requests": "2.27.1",
    "pycparser": "2.21",
    "pystan": "2.19.1.1",
    "semver": "2.13.0",
    "pygments": "2.12.0",
    "jinja2": "2.11.2",
    "paramiko": "2.11.0",
    "python-dateutil": "2.8.2",
    "google-api-core": "2.7.3",
    "google-auth": "2.6.6",
    "azureml-dataprep-rslex": "2.5.4",
    "networkx": "2.5",
    "liac-arff": "2.5.0",
    "bokeh": "2.4.2",
    "pyjwt": "2.4.0",
    "portalocker": "2.4.0",
    "sortedcontainers": "2.4.0",
    "convertdate": "2.3.2",
    "mkl-service": "2.3.0",
    "jsonpickle": "2.2.0",
    "zict": "2.2.0",
    "dotnetcore2": "2.1.23",
    "spacy": "2.1.8",
    "en-core-web-sm": "2.1.0",
    "charset-normalizer": "2.0.12",
    "cymem": "2.0.6",
    "preshed": "2.0.1",
    "markupsafe": "2.0.1",
    "azure-mgmt-authorization": "2.0.0",
    "flatbuffers": "2.0",
    "cloudpickle": "2.0.0",
    "argcomplete": "2.0.0",
    "googleapis-common-protos": "1.56.1",
    "azureml-automl-core": "1.41.1.post1",
    "azureml-automl-runtime": "1.41.1",
    "azureml-train-automl-runtime": "1.41.1",
    "azureml-training-tabular": "1.41.1",
    "azureml-core": "1.41.0.post3",
    "azureml-train-automl-client": "1.41.0",
    "azureml-pipeline-core": "1.41.0",
    "azureml-responsibleai": "1.41.0",
    "azureml-mlflow": "1.41.0",
    "azureml-dataset-runtime": "1.41.0",
    "azureml-telemetry": "1.41.0",
    "azureml-train-core": "1.41.0",
    "azureml-interpret": "1.41.0",
    "azureml-defaults": "1.41.0",
    "azureml-train-restclients-hyperdrive": "1.41.0",
    "urllib3": "1.26.7",
    "mlflow-skinny": "1.26.0",
    "azure-core": "1.22.1",
    "botocore": "1.18.18",
    "numpy": "1.18.5",
    "msal": "1.17.0",
    "six": "1.16.0",
    "boto3": "1.15.18",
    "cffi": "1.15.0",
    "wrapt": "1.12.1",
    "sympy": "1.10.1",
    "smart-open": "1.9.0",
    "pkginfo": "1.8.2",
    "onnxruntime": "1.8.1",
    "nimbusml": "1.8.0",
    "pysocks": "1.7.1",
    "pmdarima": "1.7.1",
    "azure-identity": "1.7.0",
    "tblib": "1.7.0",
    "sklearn-pandas": "1.7.0",
    "distro": "1.7.0",
    "onnx": "1.7.0",
    "onnxconverter-common": "1.6.0",
    "keras2onnx": "1.6.0",
    "nest-asyncio": "1.5.5",
    "cached-property": "1.5.2",
    "scipy": "1.5.2",
    "pynacl": "1.5.0",
    "skl2onnx": "1.4.9",
    "pydot": "1.4.2",
    "kiwisolver": "1.4.2",
    "inference-schema": "1.4.1",
    "onnxmltools": "1.4.1",
    "torch": "1.4.0",
    "xgboost": "1.3.3",
    "websocket-client": "1.3.2",
    "requests-oauthlib": "1.3.1",
    "mkl-fft": "1.3.0",
    "azure-mgmt-core": "1.3.0",
    "adal": "1.2.7",
    "mpmath": "1.2.1",
    "setuptools-git": "1.2",
    "partd": "1.2.0",
    "azure-common": "1.1.28",
    "pandas": "1.1.5",
    "opencensus-ext-azure": "1.1.4",
    "termcolor": "1.1.0",
    "joblib": "1.1.0",
    "mkl-random": "1.1.0",
    "itsdangerous": "1.1.0",
    "murmurhash": "1.0.7",
    "srsly": "1.0.5",
    "msgpack": "1.0.3",
    "flask": "1.0.3",
    "heapdict": "1.0.1",
    "werkzeug": "1.0.1",
    "azureml-model-management-sdk": "1.0.1b6.post1",
    "backports.weakref": "1.0.post1",
    "backports.tempfile": "1.0",
    "pytorch-transformers": "1.0.0",
    "locket": "1.0.0",
    "azure-graphrbac": "0.61.1",
    "numba": "0.53.1",
    "shap": "0.39.0",
    "wheel": "0.37.1",
    "llvmlite": "0.36.0",
    "cython": "0.29.30",
    "interpret-community": "0.25.0",
    "scikit-learn": "0.22.1",
    "horovod": "0.19.4",
    "pyrsistent": "0.18.1",
    "jedi": "0.18.1",
    "responsibleai": "0.17.0",
    "databricks-cli": "0.16.6",
    "sparse": "0.13.0",
    "econml": "0.12.0",
    "applicationinsights": "0.11.10",
    "toolz": "0.11.2",
    "statsmodels": "0.11.1",
    "cycler": "0.11.0",
    "holidays": "0.10.3",
    "jmespath": "0.10.0",
    "plac": "0.9.6",
    "cmdstanpy": "0.9.5",
    "wasabi": "0.9.1",
    "pathspec": "0.9.0",
    "opencensus": "0.9.0",
    "knack": "0.9.0",
    "tabulate": "0.8.9",
    "parso": "0.8.3",
    "jeepney": "0.8.0",
    "pickleshare": "0.7.5",
    "dice-ml": "0.7.2",
    "fbprophet": "0.7.1",
    "dowhy": "0.7.1",
    "fairlearn": "0.7.0",
    "ptyprocess": "0.7.0",
    "msrest": "0.6.21",
    "msrestazure": "0.6.4",
    "isodate": "0.6.1",
    "dataclasses": "0.6",
    "pymeeus": "0.5.11",
    "patsy": "0.5.2",
    "ndg-httpsclient": "0.5.1",
    "azureml-inference-server-http": "0.4.13",
    "pyasn1": "0.4.8",
    "entrypoints": "0.4",
    "fire": "0.4.0",
    "s3transfer": "0.3.7",
    "dill": "0.3.4",
    "erroranalysis": "0.3.2",
    "msal-extensions": "0.3.1",
    "pyasn1-modules": "0.2.8",
    "interpret-core": "0.2.7",
    "wcwidth": "0.2.5",
    "blis": "0.2.4",
    "korean-lunar-calendar": "0.2.1",
    "json-logging-py": "0.2",
    "backcall": "0.2.0",
    "ipython-genutils": "0.2.0",
    "sentencepiece": "0.1.96",
    "matplotlib-inline": "0.1.3",
    "opencensus-context": "0.1.2",
    "ml-wrappers": "0.1.0",
    "lunarcalendar": "0.0.9",
    "slicer": "0.0.7"
}