[{"RawFeatureName": "Pclass", "TypeDetected": "Categorical", "Dropped": "No", "EngineeredFeatureCount": 3, "Transformations": ["StringCast-CharGramCountVectorizer"], "TransformationParams": {"Transformer1": {"Input": ["Pclass"], "TransformationFunction": "StringCast", "Operator": null, "FeatureType": "Categorical", "ShouldOutput": false, "TransformationParams": {}}, "Transformer2": {"Input": ["Transformer1"], "TransformationFunction": "CountVectorizer", "Operator": "CharGram", "FeatureType": null, "ShouldOutput": true, "TransformationParams": {"analyzer": "word", "binary": true, "decode_error": "strict", "encoding": "utf-8", "input": "content", "lowercase": true, "max_df": 1.0, "max_features": null, "min_df": 1, "ngram_range": [1, 1], "stop_words": null, "strip_accents": null, "token_pattern": "(?u)\\b\\w\\w+\\b", "vocabulary": null}}}}, {"RawFeatureName": "Sex", "TypeDetected": "Categorical", "Dropped": "No", "EngineeredFeatureCount": 1, "Transformations": ["ModeCatImputer-StringCast-LabelEncoder"], "TransformationParams": {"Transformer1": {"Input": ["Sex"], "TransformationFunction": "CatImputer", "Operator": "Mode", "FeatureType": "Categorical", "ShouldOutput": true, "TransformationParams": {"copy": true}}, "Transformer2": {"Input": ["Transformer1"], "TransformationFunction": "StringCast", "Operator": null, "FeatureType": null, "ShouldOutput": false, "TransformationParams": {}}, "Transformer3": {"Input": ["Transformer2"], "TransformationFunction": "LabelEncoder", "Operator": null, "FeatureType": null, "ShouldOutput": true, "TransformationParams": {"hashing_seed_val": 314489979}}}}, {"RawFeatureName": "SibSp", "TypeDetected": "Categorical", "Dropped": "No", "EngineeredFeatureCount": 7, "Transformations": ["StringCast-CharGramCountVectorizer"], "TransformationParams": {"Transformer1": {"Input": ["SibSp"], "TransformationFunction": "StringCast", "Operator": null, "FeatureType": "Categorical", "ShouldOutput": false, "TransformationParams": {}}, "Transformer2": {"Input": ["Transformer1"], "TransformationFunction": "CountVectorizer", "Operator": "CharGram", "FeatureType": null, "ShouldOutput": true, "TransformationParams": {"analyzer": "word", "binary": true, "decode_error": "strict", "encoding": "utf-8", "input": "content", "lowercase": true, "max_df": 1.0, "max_features": null, "min_df": 1, "ngram_range": [1, 1], "stop_words": null, "strip_accents": null, "token_pattern": "(?u)\\b\\w\\w+\\b", "vocabulary": null}}}}, {"RawFeatureName": "Parch", "TypeDetected": "Categorical", "Dropped": "No", "EngineeredFeatureCount": 7, "Transformations": ["StringCast-CharGramCountVectorizer"], "TransformationParams": {"Transformer1": {"Input": ["Parch"], "TransformationFunction": "StringCast", "Operator": null, "FeatureType": "Categorical", "ShouldOutput": false, "TransformationParams": {}}, "Transformer2": {"Input": ["Transformer1"], "TransformationFunction": "CountVectorizer", "Operator": "CharGram", "FeatureType": null, "ShouldOutput": true, "TransformationParams": {"analyzer": "word", "binary": true, "decode_error": "strict", "encoding": "utf-8", "input": "content", "lowercase": true, "max_df": 1.0, "max_features": null, "min_df": 1, "ngram_range": [1, 1], "stop_words": null, "strip_accents": null, "token_pattern": "(?u)\\b\\w\\w+\\b", "vocabulary": null}}}}, {"RawFeatureName": "Embarked", "TypeDetected": "Categorical", "Dropped": "No", "EngineeredFeatureCount": 3, "Transformations": ["StringCast-CharGramCountVectorizer"], "TransformationParams": {"Transformer1": {"Input": ["Embarked"], "TransformationFunction": "StringCast", "Operator": null, "FeatureType": "Categorical", "ShouldOutput": false, "TransformationParams": {}}, "Transformer2": {"Input": ["Transformer1"], "TransformationFunction": "CountVectorizer", "Operator": "CharGram", "FeatureType": null, "ShouldOutput": true, "TransformationParams": {"analyzer": "word", "binary": true, "decode_error": "strict", "encoding": "utf-8", "input": "content", "lowercase": true, "max_df": 1.0, "max_features": null, "min_df": 1, "ngram_range": [1, 1], "stop_words": null, "strip_accents": null, "token_pattern": "(?u)\\b\\w\\w+\\b", "vocabulary": null}}}}, {"RawFeatureName": "Fare", "TypeDetected": "Numeric", "Dropped": "No", "EngineeredFeatureCount": 1, "Transformations": ["MeanImputer"], "TransformationParams": {"Transformer1": {"Input": ["Fare"], "TransformationFunction": "Imputer", "Operator": "Mean", "FeatureType": "Numeric", "ShouldOutput": true, "TransformationParams": {"add_indicator": false, "copy": true, "fill_value": null, "missing_values": NaN, "strategy": "mean", "verbose": 0}}}}, {"RawFeatureName": "Age", "TypeDetected": "Numeric", "Dropped": "No", "EngineeredFeatureCount": 1, "Transformations": ["MeanImputer"], "TransformationParams": {"Transformer1": {"Input": ["Age"], "TransformationFunction": "Imputer", "Operator": "Mean", "FeatureType": "Numeric", "ShouldOutput": true, "TransformationParams": {"add_indicator": false, "copy": true, "fill_value": null, "missing_values": NaN, "strategy": "mean", "verbose": 0}}}}]