{
    "schema_name": "pipeline_graph",
    "schema_version": "1.0.0",
    "data": {
        "module_nodes": {
            "a8fb0312": {
                "node_id": "a8fb0312",
                "name": "SparseNormalizer",
                "status": "model"
            },
            "008a835b": {
                "node_id": "008a835b",
                "name": "XGBoostClassifier",
                "status": "model"
            },
            "3e07fe72": {
                "node_id": "3e07fe72",
                "name": "Categorical",
                "status": "dataType"
            },
            "5a717c2a": {
                "node_id": "5a717c2a",
                "name": "StringCast-CharGramCountVectorizer",
                "status": "operation"
            },
            "2b7e8a0f": {
                "node_id": "2b7e8a0f",
                "name": "ModeCatImputer-StringCast-LabelEncoder",
                "status": "operation"
            },
            "953c68f1": {
                "node_id": "953c68f1",
                "name": "Numeric",
                "status": "dataType"
            },
            "9ad6f5fc": {
                "node_id": "9ad6f5fc",
                "name": "MeanImputer",
                "status": "operation"
            }
        },
        "edges": [
            {
                "source_node_id": "a8fb0312",
                "source_node_name": "",
                "source_name": "",
                "target_name": "",
                "dst_node_id": "008a835b",
                "dst_node_name": ""
            },
            {
                "source_node_id": "3a7afb62",
                "source_node_name": "data_source",
                "source_name": "",
                "target_name": "5 col",
                "dst_node_id": "3e07fe72",
                "dst_node_name": "Categorical"
            },
            {
                "source_node_id": "3e07fe72",
                "source_node_name": "",
                "source_name": "",
                "target_name": "",
                "dst_node_id": "5a717c2a",
                "dst_node_name": ""
            },
            {
                "source_node_id": "5a717c2a",
                "source_node_name": "",
                "source_name": "",
                "target_name": "3 col",
                "dst_node_id": "a8fb0312",
                "dst_node_name": ""
            },
            {
                "source_node_id": "3e07fe72",
                "source_node_name": "",
                "source_name": "",
                "target_name": "",
                "dst_node_id": "2b7e8a0f",
                "dst_node_name": ""
            },
            {
                "source_node_id": "2b7e8a0f",
                "source_node_name": "",
                "source_name": "",
                "target_name": "3 col",
                "dst_node_id": "a8fb0312",
                "dst_node_name": ""
            },
            {
                "source_node_id": "3a7afb62",
                "source_node_name": "data_source",
                "source_name": "",
                "target_name": "2 col",
                "dst_node_id": "953c68f1",
                "dst_node_name": "Numeric"
            },
            {
                "source_node_id": "953c68f1",
                "source_node_name": "",
                "source_name": "",
                "target_name": "",
                "dst_node_id": "9ad6f5fc",
                "dst_node_name": ""
            },
            {
                "source_node_id": "9ad6f5fc",
                "source_node_name": "",
                "source_name": "",
                "target_name": "1 col",
                "dst_node_id": "a8fb0312",
                "dst_node_name": ""
            }
        ],
        "child_runs": [],
        "datasource_nodes": {
            "3a7afb62": {
                "node_id": "3a7afb62",
                "name": "data_source - 7 col"
            }
        }
    }
}